{
  "experiment_id": "centralized_baseline",
  "config": {
    "num_users": 943,
    "num_items": 1682,
    "embedding_dim": 64,
    "num_epochs": 50,
    "learning_rate": 0.01,
    "batch_size": 64,
    "seed": 42,
    "train_samples": 80000,
    "test_samples": 20000
  },
  "train_losses": [
    13.744499945831299,
    13.733649127197266,
    13.7224368309021,
    13.710547796630859,
    13.697592328643799,
    13.683081722259521,
    13.666377948760987,
    13.646623229217528,
    13.622682015228271,
    13.593017753601075,
    13.555565504455567,
    13.507558028411864,
    13.445319319915772,
    13.364007292175293,
    13.257323151397705,
    13.117280011749267,
    12.93408091430664,
    12.696154238128662,
    12.390833408355713,
    12.005739274597168,
    11.53115025177002,
    10.963267489624023,
    10.307968677902222,
    9.583248323822021,
    8.81859575920105,
    8.050384371566773,
    7.314124571609497,
    6.636849789810181,
    6.033216427993774,
    5.506068143081665,
    5.050083262443542,
    4.655981608772278,
    4.3136439014434815,
    4.0142961641311645,
    3.7506541988372804,
    3.5169398542404173,
    3.3086113360404967,
    3.1220811665534973,
    2.954416963863373,
    2.803191617488861,
    2.6663891534805297,
    2.5422803891181944,
    2.4293844024658204,
    2.3264532668113707,
    2.2323575150489807,
    2.146175816440582,
    2.0670647891044616,
    1.9942732004165649,
    1.9271537218093873,
    1.865168280506134
  ],
  "test_metrics_history": [
    {
      "epoch": 10,
      "metrics": {
        "mse": 13.622893885803222,
        "mae": 3.5133981464385986,
        "accuracy": 0.0,
        "samples": 20000,
        "NDCG@10": 0.06899745675111287,
        "Hit@10": 0.1,
        "Precision@10": 0.011000000000000001,
        "Recall@10": 0.00757346677004221,
        "num_users_evaluated": 100
      }
    },
    {
      "epoch": 20,
      "metrics": {
        "mse": 11.968002226257324,
        "mae": 3.2785331844329835,
        "accuracy": 0.0029,
        "samples": 20000,
        "NDCG@10": 0.24605057094704916,
        "Hit@10": 0.43,
        "Precision@10": 0.057999999999999996,
        "Recall@10": 0.027724766988414317,
        "num_users_evaluated": 100
      }
    },
    {
      "epoch": 30,
      "metrics": {
        "mse": 5.515742160415649,
        "mae": 2.0133992692947387,
        "accuracy": 0.0357,
        "samples": 20000,
        "NDCG@10": 0.28360105825565596,
        "Hit@10": 0.46,
        "Precision@10": 0.07100000000000001,
        "Recall@10": 0.035696776316918345,
        "num_users_evaluated": 100
      }
    },
    {
      "epoch": 40,
      "metrics": {
        "mse": 2.956100328826904,
        "mae": 1.3657585359573363,
        "accuracy": 0.04945,
        "samples": 20000,
        "NDCG@10": 0.2798283914482264,
        "Hit@10": 0.49,
        "Precision@10": 0.07200000000000001,
        "Recall@10": 0.04163180844534197,
        "num_users_evaluated": 100
      }
    },
    {
      "epoch": 50,
      "metrics": {
        "mse": 2.0449277555465697,
        "mae": 1.1063344123840333,
        "accuracy": 0.05495,
        "samples": 20000,
        "NDCG@10": 0.22501065427109246,
        "Hit@10": 0.38,
        "Precision@10": 0.05600000000000001,
        "Recall@10": 0.03393271862353286,
        "num_users_evaluated": 100
      }
    }
  ],
  "final_metrics": {
    "mse": 2.0449277555465697,
    "mae": 1.1063344123840333,
    "accuracy": 0.05495,
    "samples": 20000,
    "NDCG@10": 0.22501065427109246,
    "Hit@10": 0.38,
    "Precision@10": 0.05600000000000001,
    "Recall@10": 0.03393271862353286,
    "num_users_evaluated": 100
  }
}