Experiment,Epsilon,Alpha,NDCG@10,Hit@10,Accuracy
Centralized Baseline,N/A,N/A,0.22501065427109246,0.38,0.05495
DP Sweep,1,0.5,0.0467 ± 0.0121,0.0533 ± 0.0047,0.0000 ± 0.0000
DP Sweep,2,0.5,0.0456 ± 0.0095,0.0567 ± 0.0094,0.0000 ± 0.0000
DP Sweep,4,0.5,0.0479 ± 0.0091,0.0600 ± 0.0082,0.0000 ± 0.0000
DP Sweep,8,0.5,0.0534 ± 0.0131,0.0600 ± 0.0082,0.0000 ± 0.0000
DP Sweep,∞,0.5,0.0539 ± 0.0108,0.0633 ± 0.0205,0.0000 ± 0.0000
Heterogeneity Sweep,∞,0.1,0.0538 ± 0.0108,0.0633 ± 0.0205,0.0000 ± 0.0000
Heterogeneity Sweep,∞,0.5,0.0539 ± 0.0108,0.0633 ± 0.0205,0.0000 ± 0.0000
Heterogeneity Sweep,∞,1.0,0.0539 ± 0.0108,0.0633 ± 0.0205,0.0000 ± 0.0000
