{
  "experiment_id": "centralized_baseline",
  "config": {
    "num_users": 50,
    "num_items": 4032,
    "embedding_dim": 16,
    "num_epochs": 50,
    "learning_rate": 0.01,
    "batch_size": 64,
    "seed": 42,
    "train_samples": 6901,
    "test_samples": 1726
  },
  "train_losses": [
    0.4571514339358718,
    0.4572106903349912,
    0.45723974815121404,
    0.45714877683807303,
    0.4571779350991602,
    0.4573572344250149,
    0.4571161896542267,
    0.4572953239635185,
    0.4571742277454447,
    0.45738347702556187,
    0.4572924866720482,
    0.45717150690378966,
    0.4572609251847974,
    0.4572597457854836,
    0.4571085817835949,
    0.45722793263417705,
    0.45692682376614324,
    0.45725621393433324,
    0.45722514749677096,
    0.4571343767974112,
    0.457103347060857,
    0.4572525965394797,
    0.4571914984672158,
    0.45731091609707586,
    0.45736978810142587,
    0.45721873116713985,
    0.4571277319833084,
    0.4569769333358164,
    0.4571558488187967,
    0.4571550753381517,
    0.4570941574595593,
    0.4571533015480748,
    0.4572122320532799,
    0.4571514888494103,
    0.45724067009157604,
    0.45711952199538547,
    0.457238949559353,
    0.4571778189252924,
    0.4572068919186239,
    0.4572361194425159,
    0.45708482270991363,
    0.4570839548552478,
    0.4572329703304503,
    0.45729242899903544,
    0.4574113871764254,
    0.4571401521011635,
    0.45713934633466935,
    0.4571683508930383,
    0.45707717731043146,
    0.45704644200978456
  ],
  "test_metrics_history": [
    {
      "epoch": 10,
      "metrics": {
        "mse": 0.4507715737971619,
        "mae": 0.45093746671532975,
        "accuracy": 0.5492468134414832,
        "samples": 1726,
        "NDCG@10": 0.0,
        "Hit@10": 0.04,
        "Precision@10": 0.004,
        "Recall@10": 0.000744215134459037,
        "num_users_evaluated": 50
      }
    },
    {
      "epoch": 20,
      "metrics": {
        "mse": 0.45077231723215183,
        "mae": 0.45093778387005606,
        "accuracy": 0.5492468134414832,
        "samples": 1726,
        "NDCG@10": 0.0,
        "Hit@10": 0.04,
        "Precision@10": 0.004,
        "Recall@10": 0.000744215134459037,
        "num_users_evaluated": 50
      }
    },
    {
      "epoch": 30,
      "metrics": {
        "mse": 0.45077307358263263,
        "mae": 0.45093865797942373,
        "accuracy": 0.5492468134414832,
        "samples": 1726,
        "NDCG@10": 0.0,
        "Hit@10": 0.04,
        "Precision@10": 0.004,
        "Recall@10": 0.000744215134459037,
        "num_users_evaluated": 50
      }
    },
    {
      "epoch": 40,
      "metrics": {
        "mse": 0.4507738197112277,
        "mae": 0.45094001942410256,
        "accuracy": 0.5492468134414832,
        "samples": 1726,
        "NDCG@10": 0.0,
        "Hit@10": 0.04,
        "Precision@10": 0.004,
        "Recall@10": 0.000744215134459037,
        "num_users_evaluated": 50
      }
    },
    {
      "epoch": 50,
      "metrics": {
        "mse": 0.4507745841425236,
        "mae": 0.45094192677273537,
        "accuracy": 0.5492468134414832,
        "samples": 1726,
        "NDCG@10": 0.0,
        "Hit@10": 0.04,
        "Precision@10": 0.004,
        "Recall@10": 0.000744215134459037,
        "num_users_evaluated": 50
      }
    }
  ],
  "final_metrics": {
    "mse": 0.4507745841425236,
    "mae": 0.45094192677273537,
    "accuracy": 0.5492468134414832,
    "samples": 1726,
    "NDCG@10": 0.0,
    "Hit@10": 0.04,
    "Precision@10": 0.004,
    "Recall@10": 0.000744215134459037,
    "num_users_evaluated": 50
  }
}